modelo,estrategia,mae_treino,mae_cv,dp_mae_cv,rmse_cv,r2_cv,gap_mae,tempo_ajuste_fold_s,tempo_cv_total_s,tempo_busca_s
XGBoost,Optuna,0.4951741126129542,1.9482032327803354,0.15231239003547273,2.8654501871244324,0.8648894399462342,1.4530291201673813,0.031640148162841795,0.20674331700001858,3.061193026000069
LightGBM,GridSearch,0.7915645765314524,1.9557143318976238,0.25757275369035093,2.8472964215223873,0.8659513296143789,1.1641497553661715,0.012165498733520509,0.10470994800004974,0.8486650720000171
LightGBM,Baseline,0.5890808571534097,1.9579606069707876,0.27366803148667657,2.8418296852144267,0.8664101876488324,1.3688797498173777,0.01657590866088867,0.13150026699997852,0.0
XGBoost,Baseline,0.9381267097411892,1.958747782858591,0.08986885423357724,2.799036623092328,0.8705219504164805,1.020621073117402,0.017449378967285156,0.13442995899993093,0.0
XGBoost,GridSearch,1.2433111922867934,1.9934841909295038,0.1134635235712781,2.7917173119668433,0.872411564479189,0.7501729986427104,0.015315818786621093,0.12033184599999913,1.0323648520000006
LightGBM,Optuna,0.7526001479505917,2.010779570548606,0.23011958300801838,2.94960518185482,0.8570638323913844,1.2581794225980143,0.029375457763671876,0.20888963599998078,2.35703101699994
Random Forest,Optuna,0.7628125876177245,2.0127238591269845,0.10418291312481663,2.929447887425223,0.8579373219724491,1.24991127150926,0.15973901748657227,0.9307673839999779,14.897706126000003
Random Forest,Baseline,0.7702566311563991,2.032524264219576,0.10651497438064582,2.9796246634199988,0.8534254412801511,1.262267633063177,0.11326394081115723,0.6659498710000662,0.0
Random Forest,GridSearch,0.7718429674231893,2.0348453000992057,0.10755674843175521,2.9751456410941897,0.8536024374912332,1.2630023326760165,0.1467898368835449,0.8504046069999731,4.944763955999974
